--
-- PostgreSQL database dump
--

-- Dumped from database version 17.5 (Debian 17.5-1.pgdg120+1)
-- Dumped by pg_dump version 17.5 (Debian 17.5-1.pgdg120+1)

SET statement_timeout = 0;
SET lock_timeout = 0;
SET idle_in_transaction_session_timeout = 0;
SET transaction_timeout = 0;
SET client_encoding = 'UTF8';
SET standard_conforming_strings = on;
SELECT pg_catalog.set_config('search_path', '', false);
SET check_function_bodies = false;
SET xmloption = content;
SET client_min_messages = warning;
SET row_security = off;

SET default_tablespace = '';

SET default_table_access_method = heap;

--
-- Name: auth_group; Type: TABLE; Schema: public; Owner: dbuser
--

CREATE TABLE public.auth_group (
    id integer NOT NULL,
    name character varying(150) NOT NULL
);


ALTER TABLE public.auth_group OWNER TO dbuser;

--
-- Name: auth_group_id_seq; Type: SEQUENCE; Schema: public; Owner: dbuser
--

ALTER TABLE public.auth_group ALTER COLUMN id ADD GENERATED BY DEFAULT AS IDENTITY (
    SEQUENCE NAME public.auth_group_id_seq
    START WITH 1
    INCREMENT BY 1
    NO MINVALUE
    NO MAXVALUE
    CACHE 1
);


--
-- Name: auth_group_permissions; Type: TABLE; Schema: public; Owner: dbuser
--

CREATE TABLE public.auth_group_permissions (
    id bigint NOT NULL,
    group_id integer NOT NULL,
    permission_id integer NOT NULL
);


ALTER TABLE public.auth_group_permissions OWNER TO dbuser;

--
-- Name: auth_group_permissions_id_seq; Type: SEQUENCE; Schema: public; Owner: dbuser
--

ALTER TABLE public.auth_group_permissions ALTER COLUMN id ADD GENERATED BY DEFAULT AS IDENTITY (
    SEQUENCE NAME public.auth_group_permissions_id_seq
    START WITH 1
    INCREMENT BY 1
    NO MINVALUE
    NO MAXVALUE
    CACHE 1
);


--
-- Name: auth_permission; Type: TABLE; Schema: public; Owner: dbuser
--

CREATE TABLE public.auth_permission (
    id integer NOT NULL,
    name character varying(255) NOT NULL,
    content_type_id integer NOT NULL,
    codename character varying(100) NOT NULL
);


ALTER TABLE public.auth_permission OWNER TO dbuser;

--
-- Name: auth_permission_id_seq; Type: SEQUENCE; Schema: public; Owner: dbuser
--

ALTER TABLE public.auth_permission ALTER COLUMN id ADD GENERATED BY DEFAULT AS IDENTITY (
    SEQUENCE NAME public.auth_permission_id_seq
    START WITH 1
    INCREMENT BY 1
    NO MINVALUE
    NO MAXVALUE
    CACHE 1
);


--
-- Name: auth_user; Type: TABLE; Schema: public; Owner: dbuser
--

CREATE TABLE public.auth_user (
    id integer NOT NULL,
    password character varying(128) NOT NULL,
    last_login timestamp with time zone,
    is_superuser boolean NOT NULL,
    username character varying(150) NOT NULL,
    first_name character varying(150) NOT NULL,
    last_name character varying(150) NOT NULL,
    email character varying(254) NOT NULL,
    is_staff boolean NOT NULL,
    is_active boolean NOT NULL,
    date_joined timestamp with time zone NOT NULL
);


ALTER TABLE public.auth_user OWNER TO dbuser;

--
-- Name: auth_user_groups; Type: TABLE; Schema: public; Owner: dbuser
--

CREATE TABLE public.auth_user_groups (
    id bigint NOT NULL,
    user_id integer NOT NULL,
    group_id integer NOT NULL
);


ALTER TABLE public.auth_user_groups OWNER TO dbuser;

--
-- Name: auth_user_groups_id_seq; Type: SEQUENCE; Schema: public; Owner: dbuser
--

ALTER TABLE public.auth_user_groups ALTER COLUMN id ADD GENERATED BY DEFAULT AS IDENTITY (
    SEQUENCE NAME public.auth_user_groups_id_seq
    START WITH 1
    INCREMENT BY 1
    NO MINVALUE
    NO MAXVALUE
    CACHE 1
);


--
-- Name: auth_user_id_seq; Type: SEQUENCE; Schema: public; Owner: dbuser
--

ALTER TABLE public.auth_user ALTER COLUMN id ADD GENERATED BY DEFAULT AS IDENTITY (
    SEQUENCE NAME public.auth_user_id_seq
    START WITH 1
    INCREMENT BY 1
    NO MINVALUE
    NO MAXVALUE
    CACHE 1
);


--
-- Name: auth_user_user_permissions; Type: TABLE; Schema: public; Owner: dbuser
--

CREATE TABLE public.auth_user_user_permissions (
    id bigint NOT NULL,
    user_id integer NOT NULL,
    permission_id integer NOT NULL
);


ALTER TABLE public.auth_user_user_permissions OWNER TO dbuser;

--
-- Name: auth_user_user_permissions_id_seq; Type: SEQUENCE; Schema: public; Owner: dbuser
--

ALTER TABLE public.auth_user_user_permissions ALTER COLUMN id ADD GENERATED BY DEFAULT AS IDENTITY (
    SEQUENCE NAME public.auth_user_user_permissions_id_seq
    START WITH 1
    INCREMENT BY 1
    NO MINVALUE
    NO MAXVALUE
    CACHE 1
);


--
-- Name: core_cart; Type: TABLE; Schema: public; Owner: dbuser
--

CREATE TABLE public.core_cart (
    id bigint NOT NULL,
    session_key character varying(40),
    created_at timestamp with time zone NOT NULL,
    updated_at timestamp with time zone NOT NULL,
    customer_id bigint
);


ALTER TABLE public.core_cart OWNER TO dbuser;

--
-- Name: core_cart_id_seq; Type: SEQUENCE; Schema: public; Owner: dbuser
--

ALTER TABLE public.core_cart ALTER COLUMN id ADD GENERATED BY DEFAULT AS IDENTITY (
    SEQUENCE NAME public.core_cart_id_seq
    START WITH 1
    INCREMENT BY 1
    NO MINVALUE
    NO MAXVALUE
    CACHE 1
);


--
-- Name: core_cartitem; Type: TABLE; Schema: public; Owner: dbuser
--

CREATE TABLE public.core_cartitem (
    id bigint NOT NULL,
    quantity integer NOT NULL,
    added_at timestamp with time zone NOT NULL,
    cart_id bigint NOT NULL,
    product_id bigint NOT NULL,
    CONSTRAINT core_cartitem_quantity_check CHECK ((quantity >= 0))
);


ALTER TABLE public.core_cartitem OWNER TO dbuser;

--
-- Name: core_cartitem_id_seq; Type: SEQUENCE; Schema: public; Owner: dbuser
--

ALTER TABLE public.core_cartitem ALTER COLUMN id ADD GENERATED BY DEFAULT AS IDENTITY (
    SEQUENCE NAME public.core_cartitem_id_seq
    START WITH 1
    INCREMENT BY 1
    NO MINVALUE
    NO MAXVALUE
    CACHE 1
);


--
-- Name: core_category; Type: TABLE; Schema: public; Owner: dbuser
--

CREATE TABLE public.core_category (
    id bigint NOT NULL,
    name character varying(50) NOT NULL
);


ALTER TABLE public.core_category OWNER TO dbuser;

--
-- Name: core_category_id_seq; Type: SEQUENCE; Schema: public; Owner: dbuser
--

ALTER TABLE public.core_category ALTER COLUMN id ADD GENERATED BY DEFAULT AS IDENTITY (
    SEQUENCE NAME public.core_category_id_seq
    START WITH 1
    INCREMENT BY 1
    NO MINVALUE
    NO MAXVALUE
    CACHE 1
);


--
-- Name: core_customer; Type: TABLE; Schema: public; Owner: dbuser
--

CREATE TABLE public.core_customer (
    id bigint NOT NULL,
    first_name character varying(50) NOT NULL,
    last_name character varying(50) NOT NULL,
    email character varying(100) NOT NULL,
    phone character varying(15),
    user_id integer
);


ALTER TABLE public.core_customer OWNER TO dbuser;

--
-- Name: core_customer_id_seq; Type: SEQUENCE; Schema: public; Owner: dbuser
--

ALTER TABLE public.core_customer ALTER COLUMN id ADD GENERATED BY DEFAULT AS IDENTITY (
    SEQUENCE NAME public.core_customer_id_seq
    START WITH 1
    INCREMENT BY 1
    NO MINVALUE
    NO MAXVALUE
    CACHE 1
);


--
-- Name: core_order; Type: TABLE; Schema: public; Owner: dbuser
--

CREATE TABLE public.core_order (
    id bigint NOT NULL,
    order_date timestamp with time zone NOT NULL,
    total_amount numeric(8,2) NOT NULL,
    customer_id bigint NOT NULL,
    address character varying(1000),
    full_name character varying(250)
);


ALTER TABLE public.core_order OWNER TO dbuser;

--
-- Name: core_order_id_seq; Type: SEQUENCE; Schema: public; Owner: dbuser
--

ALTER TABLE public.core_order ALTER COLUMN id ADD GENERATED BY DEFAULT AS IDENTITY (
    SEQUENCE NAME public.core_order_id_seq
    START WITH 1
    INCREMENT BY 1
    NO MINVALUE
    NO MAXVALUE
    CACHE 1
);


--
-- Name: core_orderitem; Type: TABLE; Schema: public; Owner: dbuser
--

CREATE TABLE public.core_orderitem (
    id bigint NOT NULL,
    quantity integer NOT NULL,
    order_id bigint NOT NULL,
    product_id bigint NOT NULL,
    price numeric(6,2) NOT NULL,
    CONSTRAINT core_orderitem_quantity_check CHECK ((quantity >= 0))
);


ALTER TABLE public.core_orderitem OWNER TO dbuser;

--
-- Name: core_orderitem_id_seq; Type: SEQUENCE; Schema: public; Owner: dbuser
--

ALTER TABLE public.core_orderitem ALTER COLUMN id ADD GENERATED BY DEFAULT AS IDENTITY (
    SEQUENCE NAME public.core_orderitem_id_seq
    START WITH 1
    INCREMENT BY 1
    NO MINVALUE
    NO MAXVALUE
    CACHE 1
);


--
-- Name: core_product; Type: TABLE; Schema: public; Owner: dbuser
--

CREATE TABLE public.core_product (
    id bigint NOT NULL,
    name character varying(100) NOT NULL,
    description character varying(500),
    price_original numeric(6,2) NOT NULL,
    price_discount numeric(6,2),
    stock integer NOT NULL,
    category_id bigint NOT NULL,
    CONSTRAINT core_product_stock_check CHECK ((stock >= 0))
);


ALTER TABLE public.core_product OWNER TO dbuser;

--
-- Name: core_product_id_seq; Type: SEQUENCE; Schema: public; Owner: dbuser
--

ALTER TABLE public.core_product ALTER COLUMN id ADD GENERATED BY DEFAULT AS IDENTITY (
    SEQUENCE NAME public.core_product_id_seq
    START WITH 1
    INCREMENT BY 1
    NO MINVALUE
    NO MAXVALUE
    CACHE 1
);


--
-- Name: core_productimage; Type: TABLE; Schema: public; Owner: dbuser
--

CREATE TABLE public.core_productimage (
    id bigint NOT NULL,
    image character varying(100),
    uploaded_at timestamp with time zone NOT NULL,
    product_id bigint NOT NULL
);


ALTER TABLE public.core_productimage OWNER TO dbuser;

--
-- Name: core_productimage_id_seq; Type: SEQUENCE; Schema: public; Owner: dbuser
--

ALTER TABLE public.core_productimage ALTER COLUMN id ADD GENERATED BY DEFAULT AS IDENTITY (
    SEQUENCE NAME public.core_productimage_id_seq
    START WITH 1
    INCREMENT BY 1
    NO MINVALUE
    NO MAXVALUE
    CACHE 1
);


--
-- Name: django_admin_log; Type: TABLE; Schema: public; Owner: dbuser
--

CREATE TABLE public.django_admin_log (
    id integer NOT NULL,
    action_time timestamp with time zone NOT NULL,
    object_id text,
    object_repr character varying(200) NOT NULL,
    action_flag smallint NOT NULL,
    change_message text NOT NULL,
    content_type_id integer,
    user_id integer NOT NULL,
    CONSTRAINT django_admin_log_action_flag_check CHECK ((action_flag >= 0))
);


ALTER TABLE public.django_admin_log OWNER TO dbuser;

--
-- Name: django_admin_log_id_seq; Type: SEQUENCE; Schema: public; Owner: dbuser
--

ALTER TABLE public.django_admin_log ALTER COLUMN id ADD GENERATED BY DEFAULT AS IDENTITY (
    SEQUENCE NAME public.django_admin_log_id_seq
    START WITH 1
    INCREMENT BY 1
    NO MINVALUE
    NO MAXVALUE
    CACHE 1
);


--
-- Name: django_content_type; Type: TABLE; Schema: public; Owner: dbuser
--

CREATE TABLE public.django_content_type (
    id integer NOT NULL,
    app_label character varying(100) NOT NULL,
    model character varying(100) NOT NULL
);


ALTER TABLE public.django_content_type OWNER TO dbuser;

--
-- Name: django_content_type_id_seq; Type: SEQUENCE; Schema: public; Owner: dbuser
--

ALTER TABLE public.django_content_type ALTER COLUMN id ADD GENERATED BY DEFAULT AS IDENTITY (
    SEQUENCE NAME public.django_content_type_id_seq
    START WITH 1
    INCREMENT BY 1
    NO MINVALUE
    NO MAXVALUE
    CACHE 1
);


--
-- Name: django_migrations; Type: TABLE; Schema: public; Owner: dbuser
--

CREATE TABLE public.django_migrations (
    id bigint NOT NULL,
    app character varying(255) NOT NULL,
    name character varying(255) NOT NULL,
    applied timestamp with time zone NOT NULL
);


ALTER TABLE public.django_migrations OWNER TO dbuser;

--
-- Name: django_migrations_id_seq; Type: SEQUENCE; Schema: public; Owner: dbuser
--

ALTER TABLE public.django_migrations ALTER COLUMN id ADD GENERATED BY DEFAULT AS IDENTITY (
    SEQUENCE NAME public.django_migrations_id_seq
    START WITH 1
    INCREMENT BY 1
    NO MINVALUE
    NO MAXVALUE
    CACHE 1
);


--
-- Name: django_session; Type: TABLE; Schema: public; Owner: dbuser
--

CREATE TABLE public.django_session (
    session_key character varying(40) NOT NULL,
    session_data text NOT NULL,
    expire_date timestamp with time zone NOT NULL
);


ALTER TABLE public.django_session OWNER TO dbuser;

--
-- Name: payment_order; Type: TABLE; Schema: public; Owner: dbuser
--

CREATE TABLE public.payment_order (
    id bigint NOT NULL,
    full_name character varying(250),
    address character varying(1000),
    order_date timestamp with time zone NOT NULL,
    total_amount numeric(8,2) NOT NULL,
    customer_id bigint NOT NULL
);


ALTER TABLE public.payment_order OWNER TO dbuser;

--
-- Name: payment_order_id_seq; Type: SEQUENCE; Schema: public; Owner: dbuser
--

ALTER TABLE public.payment_order ALTER COLUMN id ADD GENERATED BY DEFAULT AS IDENTITY (
    SEQUENCE NAME public.payment_order_id_seq
    START WITH 1
    INCREMENT BY 1
    NO MINVALUE
    NO MAXVALUE
    CACHE 1
);


--
-- Name: payment_orderitem; Type: TABLE; Schema: public; Owner: dbuser
--

CREATE TABLE public.payment_orderitem (
    id bigint NOT NULL,
    quantity integer NOT NULL,
    price numeric(6,2) NOT NULL,
    order_id bigint NOT NULL,
    product_id bigint NOT NULL,
    CONSTRAINT payment_orderitem_quantity_check CHECK ((quantity >= 0))
);


ALTER TABLE public.payment_orderitem OWNER TO dbuser;

--
-- Name: payment_orderitem_id_seq; Type: SEQUENCE; Schema: public; Owner: dbuser
--

ALTER TABLE public.payment_orderitem ALTER COLUMN id ADD GENERATED BY DEFAULT AS IDENTITY (
    SEQUENCE NAME public.payment_orderitem_id_seq
    START WITH 1
    INCREMENT BY 1
    NO MINVALUE
    NO MAXVALUE
    CACHE 1
);


--
-- Name: payment_shippingaddress; Type: TABLE; Schema: public; Owner: dbuser
--

CREATE TABLE public.payment_shippingaddress (
    id bigint NOT NULL,
    shipping_full_name character varying(250) NOT NULL,
    shipping_address character varying(1000) NOT NULL,
    shipping_city character varying(100) NOT NULL,
    shipping_country character varying(100) NOT NULL,
    customer_id bigint
);


ALTER TABLE public.payment_shippingaddress OWNER TO dbuser;

--
-- Name: payment_shippingaddress_id_seq; Type: SEQUENCE; Schema: public; Owner: dbuser
--

ALTER TABLE public.payment_shippingaddress ALTER COLUMN id ADD GENERATED BY DEFAULT AS IDENTITY (
    SEQUENCE NAME public.payment_shippingaddress_id_seq
    START WITH 1
    INCREMENT BY 1
    NO MINVALUE
    NO MAXVALUE
    CACHE 1
);


--
-- Data for Name: auth_group; Type: TABLE DATA; Schema: public; Owner: dbuser
--

COPY public.auth_group (id, name) FROM stdin;
\.


--
-- Data for Name: auth_group_permissions; Type: TABLE DATA; Schema: public; Owner: dbuser
--

COPY public.auth_group_permissions (id, group_id, permission_id) FROM stdin;
\.


--
-- Data for Name: auth_permission; Type: TABLE DATA; Schema: public; Owner: dbuser
--

COPY public.auth_permission (id, name, content_type_id, codename) FROM stdin;
1	Can add log entry	1	add_logentry
2	Can change log entry	1	change_logentry
3	Can delete log entry	1	delete_logentry
4	Can view log entry	1	view_logentry
5	Can add permission	2	add_permission
6	Can change permission	2	change_permission
7	Can delete permission	2	delete_permission
8	Can view permission	2	view_permission
9	Can add group	3	add_group
10	Can change group	3	change_group
11	Can delete group	3	delete_group
12	Can view group	3	view_group
13	Can add user	4	add_user
14	Can change user	4	change_user
15	Can delete user	4	delete_user
16	Can view user	4	view_user
17	Can add content type	5	add_contenttype
18	Can change content type	5	change_contenttype
19	Can delete content type	5	delete_contenttype
20	Can view content type	5	view_contenttype
21	Can add session	6	add_session
22	Can change session	6	change_session
23	Can delete session	6	delete_session
24	Can view session	6	view_session
25	Can add category	7	add_category
26	Can change category	7	change_category
27	Can delete category	7	delete_category
28	Can view category	7	view_category
29	Can add customer	8	add_customer
30	Can change customer	8	change_customer
31	Can delete customer	8	delete_customer
32	Can view customer	8	view_customer
33	Can add cart	9	add_cart
34	Can change cart	9	change_cart
35	Can delete cart	9	delete_cart
36	Can view cart	9	view_cart
37	Can add order	10	add_order
38	Can change order	10	change_order
39	Can delete order	10	delete_order
40	Can view order	10	view_order
41	Can add product	11	add_product
42	Can change product	11	change_product
43	Can delete product	11	delete_product
44	Can view product	11	view_product
45	Can add order item	12	add_orderitem
46	Can change order item	12	change_orderitem
47	Can delete order item	12	delete_orderitem
48	Can view order item	12	view_orderitem
49	Can add cart item	13	add_cartitem
50	Can change cart item	13	change_cartitem
51	Can delete cart item	13	delete_cartitem
52	Can view cart item	13	view_cartitem
53	Can add product image	14	add_productimage
54	Can change product image	14	change_productimage
55	Can delete product image	14	delete_productimage
56	Can view product image	14	view_productimage
57	Can add shipping address	15	add_shippingaddress
58	Can change shipping address	15	change_shippingaddress
59	Can delete shipping address	15	delete_shippingaddress
60	Can view shipping address	15	view_shippingaddress
61	Can add order item	16	add_orderitem
62	Can change order item	16	change_orderitem
63	Can delete order item	16	delete_orderitem
64	Can view order item	16	view_orderitem
65	Can add order	17	add_order
66	Can change order	17	change_order
67	Can delete order	17	delete_order
68	Can view order	17	view_order
\.


--
-- Data for Name: auth_user; Type: TABLE DATA; Schema: public; Owner: dbuser
--

COPY public.auth_user (id, password, last_login, is_superuser, username, first_name, last_name, email, is_staff, is_active, date_joined) FROM stdin;
1	pbkdf2_sha256$1000000$wdvqgY7xRSPtdTiBgyVUs4$my4W+tFD3whLlCl/tkeh0hVGqcH/gzyOr0renCu02IM=	2025-08-26 15:40:14.929825+00	t	admin			admin@example.com	t	t	2025-07-10 16:19:53.588394+00
2	pbkdf2_sha256$1000000$L0zikW8jWppzPg0xPEtIwg$bsmSCDH7ZtvLw9DoM/oocafRrTuU96dAkuz/pFmEaqs=	2025-08-28 16:12:11.411357+00	f	minh	minh	tran	123@gmail.com	f	t	2025-07-15 18:16:36.424505+00
\.


--
-- Data for Name: auth_user_groups; Type: TABLE DATA; Schema: public; Owner: dbuser
--

COPY public.auth_user_groups (id, user_id, group_id) FROM stdin;
\.


--
-- Data for Name: auth_user_user_permissions; Type: TABLE DATA; Schema: public; Owner: dbuser
--

COPY public.auth_user_user_permissions (id, user_id, permission_id) FROM stdin;
\.


--
-- Data for Name: core_cart; Type: TABLE DATA; Schema: public; Owner: dbuser
--

COPY public.core_cart (id, session_key, created_at, updated_at, customer_id) FROM stdin;
\.


--
-- Data for Name: core_cartitem; Type: TABLE DATA; Schema: public; Owner: dbuser
--

COPY public.core_cartitem (id, quantity, added_at, cart_id, product_id) FROM stdin;
\.


--
-- Data for Name: core_category; Type: TABLE DATA; Schema: public; Owner: dbuser
--

COPY public.core_category (id, name) FROM stdin;
1	Earbuds
2	Headphones
3	Speakers
\.


--
-- Data for Name: core_customer; Type: TABLE DATA; Schema: public; Owner: dbuser
--

COPY public.core_customer (id, first_name, last_name, email, phone, user_id) FROM stdin;
1	minh	tran	123@gmail.com		2
\.


--
-- Data for Name: core_order; Type: TABLE DATA; Schema: public; Owner: dbuser
--

COPY public.core_order (id, order_date, total_amount, customer_id, address, full_name) FROM stdin;
\.


--
-- Data for Name: core_orderitem; Type: TABLE DATA; Schema: public; Owner: dbuser
--

COPY public.core_orderitem (id, quantity, order_id, product_id, price) FROM stdin;
\.


--
-- Data for Name: core_product; Type: TABLE DATA; Schema: public; Owner: dbuser
--

COPY public.core_product (id, name, description, price_original, price_discount, stock, category_id) FROM stdin;
1	Nothing Ear Wireless Earbuds with ChatGPT Integration, Smart ANC, Hi-Res Audio with LDAC & LHDC	Nothing Ear (3) delivers up to 45 dB of intelligent noise cancellation, adapting in real time to eliminate sound leakage for an immersive experience. Enjoy Hi-Res Wireless Audio with LHDC 5.0 (up to 24-bit/192 kHz) and LDAC (up to 24-bit/96 kHz), ensuring rich, studio-quality sound with compatible devices. Calls are clearer too, thanks to enhanced mic placement and airflow design that reduce wind interference by 60%, making conversations feel natural even on the move.	159.00	99.00	11	1
2	Sony - WH1000XM4 Wireless Noise-Cancelling Over-the-Ear Headphones	Sony's intelligent noise-cancelling headphones with premium sound elevate your listening experience with the ability to personalize and control everything you hear. Get up to 30 hours of battery life with quick charging capabilities, enjoy an enhanced Smart Listening feature set, and carry conversations hands-free with speak-to-chat.	349.00	289.00	19	2
37	JBL FLIP 5, Waterproof Portable Bluetooth Speaker, Black, Small	JBL Flip 5 delivers bold sound with deep bass in a compact, portable design. With up to 12 hours of playtime and an IPX7 waterproof rating, it’s perfect for outdoor adventures. Its durable build, wireless Bluetooth streaming, and vibrant colors make music fun, anytime and anywhere.	94.99	84.99	4	3
38	Bose SoundLink Flex Portable Bluetooth Speaker (2nd Gen), Portable Outdoor Speaker with Hi-Fi Audio	The Bose SoundLink Flex is a rugged, IP67-rated Bluetooth speaker that fits your adventure-packed life. Its PositionIQ technology intelligently adjusts audio output based on orientation—whether standing upright, lying down, or hanging. Expect crisp, bold sound, deep bass, and up to 12 hours of playtime in a compact, portable form.	129.00	\N	5	3
39	Skullcandy Crusher ANC 2 Wireless Over-Ear Bluetooth Headphones with Multi-Sensory Bass	The Skullcandy Crusher ANC 2 over-ear headphones deliver immersive sensory bass that you can physically feel, combined with customizable ANC. With 50 hours battery life (ANC On), rapid 10-minute charging for 4 hours playback, personalized sound via Mimi, multipoint Bluetooth 5.2, voice control, and Tile tracking, they're engineered for powerful, smart listening.	234.99	194.99	12	2
40	Sony WH-1000XM6 The Best Wireless Noise Canceling Headphones, HD NC Processor QN3, 12 Microphones	THE BEST NOISE CANCELLATION: Powered by advanced processors and an adaptive microphone system, the WH-1000XM6 headphones deliver real-time noise cancellation for an immersive, distraction-free listening experience. CO-CREATED WITH MASTERING AUDIO ENGINEERS: Developed in collaboration with world-renowned mastering audio engineers, these headphones deliver unparalleled sound clarity and precision. A specially designed driver with a lightweight carbon fiber dome delivers high fidelity sound	448.99	399.99	3	2
41	Beats Studio Buds + | True Wireless Noise Cancelling Earbuds - Ivory	The (Latest Model) Beats Studio Buds+ provide listeners with a true-wireless immersive listening experience that updates the original Buds with new acoustic vents for better sound quality, improved active noise cancelling, larger microphones, and extended battery life. The earbuds are rated IPX4 for sweat and water resistance, making them well suited for workouts and commutes in all kinds of weather, while the Transparency mode provides you with situational awareness for safety.	79.99	\N	15	1
42	Apple AirPods Pro 2 Wireless Earbuds, Active Noise Cancellation, Hearing Aid Feature	PIONEERING HEARING — AirPods Pro 2 unlock the world’s first all-in-one hearing health experience: a scientifically validated Hearing Test,* clinical-grade and active Hearing Protection.* INTELLIGENT NOISE CONTROL — Active Noise Cancellation removes up to 2x more background noise.* Transparency mode lets you hear the world around you, and Adaptive Audio seamlessly blends Active Noise Cancellation and Transparency mode for the best listening experience in any environment.	255.99	229.99	6	1
\.


--
-- Data for Name: core_productimage; Type: TABLE DATA; Schema: public; Owner: dbuser
--

COPY public.core_productimage (id, image, uploaded_at, product_id) FROM stdin;
1	products/d81060a1378f4596a743cdb369553e2f.jpg	2025-07-10 16:35:50.137041+00	1
2	products/ad6c8df0c41b45a48e12bf2284a55925.jpg	2025-07-10 16:35:50.58981+00	1
3	products/500a5f95038349af800823f77bcbfe2e.jpg	2025-07-10 16:35:51.016049+00	1
4	products/56ffabfb634c4dadb7cfcf73518c1d1b.webp	2025-07-18 18:45:35.069523+00	2
5	products/121043598c6a429ca24670aefdbde122.webp	2025-07-18 18:45:35.538085+00	2
6	products/89bd285dc8ce4582a18a5d80c3390ec7.webp	2025-07-18 18:45:36.019697+00	2
7	products/7f2388d8364b41799cfba3d4f1505782.jpg	2025-08-22 04:10:48.143991+00	37
8	products/2554a52982c64081b4bddfd1866e2215.jpg	2025-08-22 04:10:48.863367+00	37
9	products/86db9079b63f4ed8b965c845d465fde8.jpg	2025-08-22 04:10:49.373311+00	37
10	products/da42e061dce44aed817205b35e5228d8.jpg	2025-08-22 04:16:24.013339+00	38
11	products/4adf58c4cc7e4846b0ee2404f79614d3.jpg	2025-08-22 04:16:24.789186+00	38
12	products/ccd7f419936b49e997460a85df83d0e7.jpg	2025-08-22 04:16:33.647925+00	38
13	products/b8eb1fc4a35c4e65bd62675a9c7e1438.jpg	2025-08-22 04:19:58.95502+00	39
14	products/eb77492b80b04f2f82cee6d6fb6c1b11.jpg	2025-08-22 04:19:59.601935+00	39
15	products/40b6ca03ed7944e68bf9478501645bb6.jpg	2025-08-22 04:20:00.429274+00	39
16	products/5060dec7d29449829f42ae8a86d36e14.jpg	2025-08-22 06:51:30.811293+00	40
17	products/f32c99fa5d9f46958407c32756cd78bf.jpg	2025-08-22 06:51:31.426017+00	40
18	products/a16449a9d9f64788a50759b3c79c869b.jpg	2025-08-22 06:51:32.123649+00	40
19	products/8640f66120a3467eb0052fc7310d83fa.jpg	2025-08-22 06:53:53.354729+00	41
20	products/ddcadc4a522c4056aee6fc602f9a1a85.jpg	2025-08-22 06:53:53.963413+00	41
21	products/3e3891ecf613479087c7a775e5abeeb4.jpg	2025-08-22 06:53:54.562942+00	41
22	products/f4ea5b23f27b48c1bdeb1bb18e567392.jpg	2025-08-22 07:16:47.528093+00	42
23	products/13119ba636794c37a3620dd1d4b7c7f6.jpg	2025-08-22 07:16:48.034984+00	42
24	products/50987f43470b4f94936e9c2d633dccbb.jpg	2025-08-22 07:16:48.533028+00	42
\.


--
-- Data for Name: django_admin_log; Type: TABLE DATA; Schema: public; Owner: dbuser
--

COPY public.django_admin_log (id, action_time, object_id, object_repr, action_flag, change_message, content_type_id, user_id) FROM stdin;
1	2025-07-10 16:34:57.710078+00	1	Eabuds	1	[{"added": {}}]	7	1
2	2025-07-10 16:35:03.92682+00	1	Earbuds	2	[{"changed": {"fields": ["Name"]}}]	7	1
3	2025-07-10 16:35:51.017128+00	1	Nothing Ear Wireless Earbuds with ChatGPT Integration, Smart ANC, Hi-Res Audio with LDAC & LHDC	1	[{"added": {}}, {"added": {"name": "product image", "object": "Nothing Ear Wireless Earbuds with ChatGPT Integration, Smart ANC, Hi-Res Audio with LDAC & LHDC Image"}}, {"added": {"name": "product image", "object": "Nothing Ear Wireless Earbuds with ChatGPT Integration, Smart ANC, Hi-Res Audio with LDAC & LHDC Image"}}, {"added": {"name": "product image", "object": "Nothing Ear Wireless Earbuds with ChatGPT Integration, Smart ANC, Hi-Res Audio with LDAC & LHDC Image"}}]	11	1
4	2025-07-18 18:43:56.419954+00	2	Headphones	1	[{"added": {}}]	7	1
5	2025-07-18 18:45:36.020788+00	2	Sony - WH1000XM4 Wireless Noise-Cancelling Over-the-Ear Headphones	1	[{"added": {}}, {"added": {"name": "product image", "object": "Sony - WH1000XM4 Wireless Noise-Cancelling Over-the-Ear Headphones Image"}}, {"added": {"name": "product image", "object": "Sony - WH1000XM4 Wireless Noise-Cancelling Over-the-Ear Headphones Image"}}, {"added": {"name": "product image", "object": "Sony - WH1000XM4 Wireless Noise-Cancelling Over-the-Ear Headphones Image"}}]	11	1
6	2025-07-18 18:54:53.523315+00	3	12	1	[{"added": {}}]	11	1
7	2025-07-18 18:55:11.969919+00	3	12	3		11	1
39	2025-07-19 17:54:53.799662+00	36	a	1	[{"added": {}}]	11	1
40	2025-08-16 21:28:06.435971+00	3	Speakers	1	[{"added": {}}]	7	1
41	2025-08-16 22:10:50.265685+00	1	Order 1 by minh tran	1	[{"added": {}}]	10	1
42	2025-08-16 22:11:07.602535+00	1	Order 1 by minh tran	3		10	1
43	2025-08-22 03:45:31.387888+00	36	A	2	[{"changed": {"fields": ["Name"]}}]	11	1
44	2025-08-22 04:10:49.374541+00	37	JBL FLIP 5, Waterproof Portable Bluetooth Speaker, Black, Small	1	[{"added": {}}, {"added": {"name": "product image", "object": "JBL FLIP 5, Waterproof Portable Bluetooth Speaker, Black, Small Image"}}, {"added": {"name": "product image", "object": "JBL FLIP 5, Waterproof Portable Bluetooth Speaker, Black, Small Image"}}, {"added": {"name": "product image", "object": "JBL FLIP 5, Waterproof Portable Bluetooth Speaker, Black, Small Image"}}]	11	1
45	2025-08-22 04:16:33.648903+00	38	Bose SoundLink Flex Portable Bluetooth Speaker (2nd Gen), Portable Outdoor Speaker with Hi-Fi Audio	1	[{"added": {}}, {"added": {"name": "product image", "object": "Bose SoundLink Flex Portable Bluetooth Speaker (2nd Gen), Portable Outdoor Speaker with Hi-Fi Audio Image"}}, {"added": {"name": "product image", "object": "Bose SoundLink Flex Portable Bluetooth Speaker (2nd Gen), Portable Outdoor Speaker with Hi-Fi Audio Image"}}, {"added": {"name": "product image", "object": "Bose SoundLink Flex Portable Bluetooth Speaker (2nd Gen), Portable Outdoor Speaker with Hi-Fi Audio Image"}}]	11	1
46	2025-08-22 04:20:00.430394+00	39	Skullcandy Crusher ANC 2 Wireless Over-Ear Bluetooth Headphones with Multi-Sensory Bass	1	[{"added": {}}, {"added": {"name": "product image", "object": "Skullcandy Crusher ANC 2 Wireless Over-Ear Bluetooth Headphones with Multi-Sensory Bass Image"}}, {"added": {"name": "product image", "object": "Skullcandy Crusher ANC 2 Wireless Over-Ear Bluetooth Headphones with Multi-Sensory Bass Image"}}, {"added": {"name": "product image", "object": "Skullcandy Crusher ANC 2 Wireless Over-Ear Bluetooth Headphones with Multi-Sensory Bass Image"}}]	11	1
47	2025-08-22 06:49:39.567232+00	36	A	3		11	1
48	2025-08-22 06:51:32.125344+00	40	Sony WH-1000XM6 The Best Wireless Noise Canceling Headphones, HD NC Processor QN3, 12 Microphones	1	[{"added": {}}, {"added": {"name": "product image", "object": "Sony WH-1000XM6 The Best Wireless Noise Canceling Headphones, HD NC Processor QN3, 12 Microphones Image"}}, {"added": {"name": "product image", "object": "Sony WH-1000XM6 The Best Wireless Noise Canceling Headphones, HD NC Processor QN3, 12 Microphones Image"}}, {"added": {"name": "product image", "object": "Sony WH-1000XM6 The Best Wireless Noise Canceling Headphones, HD NC Processor QN3, 12 Microphones Image"}}]	11	1
49	2025-08-22 06:53:54.564472+00	41	Beats Studio Buds + | True Wireless Noise Cancelling Earbuds - Ivory	1	[{"added": {}}, {"added": {"name": "product image", "object": "Beats Studio Buds + | True Wireless Noise Cancelling Earbuds - Ivory Image"}}, {"added": {"name": "product image", "object": "Beats Studio Buds + | True Wireless Noise Cancelling Earbuds - Ivory Image"}}, {"added": {"name": "product image", "object": "Beats Studio Buds + | True Wireless Noise Cancelling Earbuds - Ivory Image"}}]	11	1
50	2025-08-22 07:16:48.534836+00	42	Apple AirPods Pro 2 Wireless Earbuds, Active Noise Cancellation, Hearing Aid Feature	1	[{"added": {}}, {"added": {"name": "product image", "object": "Apple AirPods Pro 2 Wireless Earbuds, Active Noise Cancellation, Hearing Aid Feature Image"}}, {"added": {"name": "product image", "object": "Apple AirPods Pro 2 Wireless Earbuds, Active Noise Cancellation, Hearing Aid Feature Image"}}, {"added": {"name": "product image", "object": "Apple AirPods Pro 2 Wireless Earbuds, Active Noise Cancellation, Hearing Aid Feature Image"}}]	11	1
51	2025-08-28 14:17:32.058456+00	1	Shipping Address - 1	1	[{"added": {}}]	15	1
52	2025-08-28 16:12:30.037884+00	2	Shipping Address - 2	1	[{"added": {}}]	15	1
53	2025-08-28 16:22:45.165211+00	2	Shipping Address - 2	3		15	1
54	2025-08-28 16:29:26.696049+00	3	Shipping Address - 3	1	[{"added": {}}]	15	1
\.


--
-- Data for Name: django_content_type; Type: TABLE DATA; Schema: public; Owner: dbuser
--

COPY public.django_content_type (id, app_label, model) FROM stdin;
1	admin	logentry
2	auth	permission
3	auth	group
4	auth	user
5	contenttypes	contenttype
6	sessions	session
7	core	category
8	core	customer
9	core	cart
10	core	order
11	core	product
12	core	orderitem
13	core	cartitem
14	core	productimage
15	payment	shippingaddress
16	payment	orderitem
17	payment	order
\.


--
-- Data for Name: django_migrations; Type: TABLE DATA; Schema: public; Owner: dbuser
--

COPY public.django_migrations (id, app, name, applied) FROM stdin;
1	contenttypes	0001_initial	2025-07-10 16:16:41.158271+00
2	auth	0001_initial	2025-07-10 16:16:41.19523+00
3	admin	0001_initial	2025-07-10 16:16:41.207344+00
4	admin	0002_logentry_remove_auto_add	2025-07-10 16:16:41.214062+00
5	admin	0003_logentry_add_action_flag_choices	2025-07-10 16:16:41.221645+00
6	contenttypes	0002_remove_content_type_name	2025-07-10 16:16:41.236214+00
7	auth	0002_alter_permission_name_max_length	2025-07-10 16:16:41.244576+00
8	auth	0003_alter_user_email_max_length	2025-07-10 16:16:41.253012+00
9	auth	0004_alter_user_username_opts	2025-07-10 16:16:41.266697+00
10	auth	0005_alter_user_last_login_null	2025-07-10 16:16:41.274519+00
11	auth	0006_require_contenttypes_0002	2025-07-10 16:16:41.276135+00
12	auth	0007_alter_validators_add_error_messages	2025-07-10 16:16:41.28283+00
13	auth	0008_alter_user_username_max_length	2025-07-10 16:16:41.292583+00
14	auth	0009_alter_user_last_name_max_length	2025-07-10 16:16:41.300734+00
15	auth	0010_alter_group_name_max_length	2025-07-10 16:16:41.309398+00
16	auth	0011_update_proxy_permissions	2025-07-10 16:16:41.315893+00
17	auth	0012_alter_user_first_name_max_length	2025-07-10 16:16:41.324531+00
18	core	0001_initial	2025-07-10 16:16:41.364945+00
19	core	0002_productimage	2025-07-10 16:16:41.374968+00
20	sessions	0001_initial	2025-07-10 16:16:41.381336+00
21	core	0003_remove_customer_password_customer_user	2025-07-15 17:22:07.591776+00
22	core	0002_customer_old_cart	2025-08-26 15:25:55.475574+00
23	core	0003_remove_customer_old_cart	2025-08-26 15:43:14.460702+00
24	core	0004_order_address_order_full_name_orderitem_price	2025-08-26 16:47:20.996484+00
25	payment	0001_initial	2025-08-28 14:17:26.125191+00
26	payment	0002_remove_shippingaddress_user	2025-08-28 14:26:17.454453+00
27	payment	0003_rename_customer_shippingaddress_customer_and_more	2025-08-28 14:26:54.663387+00
28	payment	0004_order_orderitem	2025-08-28 14:44:59.898022+00
\.


--
-- Data for Name: django_session; Type: TABLE DATA; Schema: public; Owner: dbuser
--

COPY public.django_session (session_key, session_data, expire_date) FROM stdin;
tq4ppaz5piqmrfg954u8kqenk4r49w63	.eJxVjDsOgzAQBe-ydWThL5Ayfc5gLbtLIES2hKGIEHdPkGho38y8DYqUMuYUJ_nCfdtvEHFdhrgWmePIcAcNl61DmiQdgN-YXllRTss8dupQ1EmLemaWz-N0LwcDluFfkxNkMaS9t7Wr0NYhtKHq2XLTedeiC4GFjPW9JvJN0Ma2DVJtiCtteth_UY897Q:1urfV8:5trOISF_8dNCt5JJ_d0NzNlv1KwO-0j5Ikf70aweWqI	2025-09-11 16:29:26.772801+00
43mt4dpns5i9i3j9g25l6h05jzjt2e1r	.eJxVjDsOgzAQRO_iOrLwF0iZPmewll0THCJbwaaIEHePkWhopnjzZjaWfc4hRTf7H7tvTB7xXSGWUCoQ-42JK5J7ZQ7WMrk1-8UFYvfqXNgAOPt4FPSG-EocUyxLGPih8LPN_JnIfx6nezmYIE91jdoDeYnCGNXqBlRrbW-bkRR1g9E9aGvJo1RmFIims0KqvgNsJVIj5Mj2PwLJScU:1ungAr:U_-3SZu3r0K1bvE-z7TkVpReZzrSZG2bIzphFIiAiNE	2025-08-31 16:24:01.158784+00
v8f10tob3bkpysdvni9673z5arninwmz	.eJyrVipOLS7OzM-Lz06tVLKqVjIEEYWliXklmSVAAeNaHSUjTCFjM1Qxo9raWgDFWxkw:1unNbn:IkE5xKd2j4XFXk_rCy1XGaD5u4kkhCPLRZEXzEhYFWI	2025-08-30 20:34:35.855707+00
4heenpcr8171js1j8sbxcq9kx01snog0	.eJxVjDsOwjAQBe_iGln-fyjpOYO13rVxADlSnFSIu0OkFNC-mXkvlmBbW9pGWdJE7MwkO_1uGfBR-g7oDv02c5z7ukyZ7wo_6ODXmcrzcrh_Bw1G-9ZoClBRKK3V3gjQ3rnoRCVNIVsTwThHBZW2VSLa4KTSMQB6hSSkquz9Ad9QN58:1ucpes:3zTtVhaascX3BoR4jUWvAGfkaW7thGQjDdFteTiBEiA	2025-08-01 18:18:10.179725+00
kb2iztqkv33xrwxbt5zz1zz6qgv14xm4	.eJxVjDsOwjAQBe_iGlnxN4aSnjNY612HmCBHxE6BotwdLKVJ84qZ0dtYiaWkOfspftltY1q2_ayQa6p_Ivb9wjysdfRriYtPxG5MshMLgFPMTdAL8nPmOOe6pMBbwg9b-GOm-L4f7elghDK2W2fEtSOjjBwsaqGUor4fTMSIKIyzSko76K5DJKMtAgKBdIFQKheA2P4D9f5Edw:1urfEt:WQo1KwEoZJIIALbgj6qtFwgmPV_z766ReygwfsWtT48	2025-09-11 16:12:39.216177+00
p72jl0q0mylipiinj1xfcjs4cn3s00ab	.eJxVzs0OgjAMB_B32Zks-2CDefTuM5DSFZmaoQwOxvDuToNBLj20v7b_F2tgnvpmTjQ2wbMDk6z477WAV4qfgb9APA8chziNoeUfwtdp4qfB0-242t2BHlKft7Ek8KRQGqOrUoCurHVWdF77ujWlg9JaT6i06SSiqa1U2tWAlUIvpOry0UQphSE2V3qywysHzeUxQ5zClBtVwe5jQMq_nONCsKVgak_kRlT9M9rukdpQjvBFy_IGB4hcXA:1umvzb:BRwytytKlSygA3F8ErpAzWwcsqct33zwG5b25Tl-Nmg	2025-08-29 15:05:19.710475+00
4hpcprulnnwlwylasdij5e0qcozb8h5p	.eJyrVipOLS7OzM-Lz06tVLKqVjIEEYWliXklmSVAAVMdpYKizORUJSslS0s9AwOlWh0lI1QlhgglRhYwNcZmOBUZGhmDFdXWAgCY2iWH:1umw5q:id18nsW-IDWppHOJiQfI0e-Hnkxblssgu2Y-CIzDEyg	2025-08-29 15:11:46.348826+00
eagjxmj1azloxwdoa54wzkago67p4n1i	.eJyrVipOLS7OzM-Lz06tVLKqVjIEEYWliXklmSVAAWMdpYKizORUJSslS0s9AwOlWh0lYzNUNUYINYZGxlBFRqhqDBFqjCwgBtXWAgCUDSWG:1umxTn:xzKppt4hwkM1gMmhfKiu0FWw_DZBpfG3dneRvoRY1LQ	2025-08-29 16:40:35.405129+00
scoxth5jvrpdxtquo38vbun69gporsgt	.eJyrVipOLS7OzM-Lz06tVLKqVjIEEYWliXklmSVAAXMdpYKizORUJSslS0s9AwOlWh0lYzNUNSYINYZGxlBFRqhqDBFqjCwgBtXWAgCV8yWM:1umyDQ:VxPlVmoL6RWcGS4E1p_jLYO3WGaGjUgz55skRqSByOc	2025-08-29 17:27:44.977641+00
\.


--
-- Data for Name: payment_order; Type: TABLE DATA; Schema: public; Owner: dbuser
--

COPY public.payment_order (id, full_name, address, order_date, total_amount, customer_id) FROM stdin;
\.


--
-- Data for Name: payment_orderitem; Type: TABLE DATA; Schema: public; Owner: dbuser
--

COPY public.payment_orderitem (id, quantity, price, order_id, product_id) FROM stdin;
\.


--
-- Data for Name: payment_shippingaddress; Type: TABLE DATA; Schema: public; Owner: dbuser
--

COPY public.payment_shippingaddress (id, shipping_full_name, shipping_address, shipping_city, shipping_country, customer_id) FROM stdin;
1	a	b	c	d	1
3	1223	45425	131	5435	1
\.


--
-- Name: auth_group_id_seq; Type: SEQUENCE SET; Schema: public; Owner: dbuser
--

SELECT pg_catalog.setval('public.auth_group_id_seq', 1, false);


--
-- Name: auth_group_permissions_id_seq; Type: SEQUENCE SET; Schema: public; Owner: dbuser
--

SELECT pg_catalog.setval('public.auth_group_permissions_id_seq', 1, false);


--
-- Name: auth_permission_id_seq; Type: SEQUENCE SET; Schema: public; Owner: dbuser
--

SELECT pg_catalog.setval('public.auth_permission_id_seq', 68, true);


--
-- Name: auth_user_groups_id_seq; Type: SEQUENCE SET; Schema: public; Owner: dbuser
--

SELECT pg_catalog.setval('public.auth_user_groups_id_seq', 1, false);


--
-- Name: auth_user_id_seq; Type: SEQUENCE SET; Schema: public; Owner: dbuser
--

SELECT pg_catalog.setval('public.auth_user_id_seq', 2, true);


--
-- Name: auth_user_user_permissions_id_seq; Type: SEQUENCE SET; Schema: public; Owner: dbuser
--

SELECT pg_catalog.setval('public.auth_user_user_permissions_id_seq', 1, false);


--
-- Name: core_cart_id_seq; Type: SEQUENCE SET; Schema: public; Owner: dbuser
--

SELECT pg_catalog.setval('public.core_cart_id_seq', 1, false);


--
-- Name: core_cartitem_id_seq; Type: SEQUENCE SET; Schema: public; Owner: dbuser
--

SELECT pg_catalog.setval('public.core_cartitem_id_seq', 1, false);


--
-- Name: core_category_id_seq; Type: SEQUENCE SET; Schema: public; Owner: dbuser
--

SELECT pg_catalog.setval('public.core_category_id_seq', 3, true);


--
-- Name: core_customer_id_seq; Type: SEQUENCE SET; Schema: public; Owner: dbuser
--

SELECT pg_catalog.setval('public.core_customer_id_seq', 1, true);


--
-- Name: core_order_id_seq; Type: SEQUENCE SET; Schema: public; Owner: dbuser
--

SELECT pg_catalog.setval('public.core_order_id_seq', 1, true);


--
-- Name: core_orderitem_id_seq; Type: SEQUENCE SET; Schema: public; Owner: dbuser
--

SELECT pg_catalog.setval('public.core_orderitem_id_seq', 1, false);


--
-- Name: core_product_id_seq; Type: SEQUENCE SET; Schema: public; Owner: dbuser
--

SELECT pg_catalog.setval('public.core_product_id_seq', 42, true);


--
-- Name: core_productimage_id_seq; Type: SEQUENCE SET; Schema: public; Owner: dbuser
--

SELECT pg_catalog.setval('public.core_productimage_id_seq', 24, true);


--
-- Name: django_admin_log_id_seq; Type: SEQUENCE SET; Schema: public; Owner: dbuser
--

SELECT pg_catalog.setval('public.django_admin_log_id_seq', 54, true);


--
-- Name: django_content_type_id_seq; Type: SEQUENCE SET; Schema: public; Owner: dbuser
--

SELECT pg_catalog.setval('public.django_content_type_id_seq', 17, true);


--
-- Name: django_migrations_id_seq; Type: SEQUENCE SET; Schema: public; Owner: dbuser
--

SELECT pg_catalog.setval('public.django_migrations_id_seq', 28, true);


--
-- Name: payment_order_id_seq; Type: SEQUENCE SET; Schema: public; Owner: dbuser
--

SELECT pg_catalog.setval('public.payment_order_id_seq', 1, false);


--
-- Name: payment_orderitem_id_seq; Type: SEQUENCE SET; Schema: public; Owner: dbuser
--

SELECT pg_catalog.setval('public.payment_orderitem_id_seq', 1, false);


--
-- Name: payment_shippingaddress_id_seq; Type: SEQUENCE SET; Schema: public; Owner: dbuser
--

SELECT pg_catalog.setval('public.payment_shippingaddress_id_seq', 3, true);


--
-- Name: auth_group auth_group_name_key; Type: CONSTRAINT; Schema: public; Owner: dbuser
--

ALTER TABLE ONLY public.auth_group
    ADD CONSTRAINT auth_group_name_key UNIQUE (name);


--
-- Name: auth_group_permissions auth_group_permissions_group_id_permission_id_0cd325b0_uniq; Type: CONSTRAINT; Schema: public; Owner: dbuser
--

ALTER TABLE ONLY public.auth_group_permissions
    ADD CONSTRAINT auth_group_permissions_group_id_permission_id_0cd325b0_uniq UNIQUE (group_id, permission_id);


--
-- Name: auth_group_permissions auth_group_permissions_pkey; Type: CONSTRAINT; Schema: public; Owner: dbuser
--

ALTER TABLE ONLY public.auth_group_permissions
    ADD CONSTRAINT auth_group_permissions_pkey PRIMARY KEY (id);


--
-- Name: auth_group auth_group_pkey; Type: CONSTRAINT; Schema: public; Owner: dbuser
--

ALTER TABLE ONLY public.auth_group
    ADD CONSTRAINT auth_group_pkey PRIMARY KEY (id);


--
-- Name: auth_permission auth_permission_content_type_id_codename_01ab375a_uniq; Type: CONSTRAINT; Schema: public; Owner: dbuser
--

ALTER TABLE ONLY public.auth_permission
    ADD CONSTRAINT auth_permission_content_type_id_codename_01ab375a_uniq UNIQUE (content_type_id, codename);


--
-- Name: auth_permission auth_permission_pkey; Type: CONSTRAINT; Schema: public; Owner: dbuser
--

ALTER TABLE ONLY public.auth_permission
    ADD CONSTRAINT auth_permission_pkey PRIMARY KEY (id);


--
-- Name: auth_user_groups auth_user_groups_pkey; Type: CONSTRAINT; Schema: public; Owner: dbuser
--

ALTER TABLE ONLY public.auth_user_groups
    ADD CONSTRAINT auth_user_groups_pkey PRIMARY KEY (id);


--
-- Name: auth_user_groups auth_user_groups_user_id_group_id_94350c0c_uniq; Type: CONSTRAINT; Schema: public; Owner: dbuser
--

ALTER TABLE ONLY public.auth_user_groups
    ADD CONSTRAINT auth_user_groups_user_id_group_id_94350c0c_uniq UNIQUE (user_id, group_id);


--
-- Name: auth_user auth_user_pkey; Type: CONSTRAINT; Schema: public; Owner: dbuser
--

ALTER TABLE ONLY public.auth_user
    ADD CONSTRAINT auth_user_pkey PRIMARY KEY (id);


--
-- Name: auth_user_user_permissions auth_user_user_permissions_pkey; Type: CONSTRAINT; Schema: public; Owner: dbuser
--

ALTER TABLE ONLY public.auth_user_user_permissions
    ADD CONSTRAINT auth_user_user_permissions_pkey PRIMARY KEY (id);


--
-- Name: auth_user_user_permissions auth_user_user_permissions_user_id_permission_id_14a6b632_uniq; Type: CONSTRAINT; Schema: public; Owner: dbuser
--

ALTER TABLE ONLY public.auth_user_user_permissions
    ADD CONSTRAINT auth_user_user_permissions_user_id_permission_id_14a6b632_uniq UNIQUE (user_id, permission_id);


--
-- Name: auth_user auth_user_username_key; Type: CONSTRAINT; Schema: public; Owner: dbuser
--

ALTER TABLE ONLY public.auth_user
    ADD CONSTRAINT auth_user_username_key UNIQUE (username);


--
-- Name: core_cart core_cart_pkey; Type: CONSTRAINT; Schema: public; Owner: dbuser
--

ALTER TABLE ONLY public.core_cart
    ADD CONSTRAINT core_cart_pkey PRIMARY KEY (id);


--
-- Name: core_cartitem core_cartitem_cart_id_product_id_65954ddd_uniq; Type: CONSTRAINT; Schema: public; Owner: dbuser
--

ALTER TABLE ONLY public.core_cartitem
    ADD CONSTRAINT core_cartitem_cart_id_product_id_65954ddd_uniq UNIQUE (cart_id, product_id);


--
-- Name: core_cartitem core_cartitem_pkey; Type: CONSTRAINT; Schema: public; Owner: dbuser
--

ALTER TABLE ONLY public.core_cartitem
    ADD CONSTRAINT core_cartitem_pkey PRIMARY KEY (id);


--
-- Name: core_category core_category_pkey; Type: CONSTRAINT; Schema: public; Owner: dbuser
--

ALTER TABLE ONLY public.core_category
    ADD CONSTRAINT core_category_pkey PRIMARY KEY (id);


--
-- Name: core_customer core_customer_email_key; Type: CONSTRAINT; Schema: public; Owner: dbuser
--

ALTER TABLE ONLY public.core_customer
    ADD CONSTRAINT core_customer_email_key UNIQUE (email);


--
-- Name: core_customer core_customer_pkey; Type: CONSTRAINT; Schema: public; Owner: dbuser
--

ALTER TABLE ONLY public.core_customer
    ADD CONSTRAINT core_customer_pkey PRIMARY KEY (id);


--
-- Name: core_customer core_customer_user_id_key; Type: CONSTRAINT; Schema: public; Owner: dbuser
--

ALTER TABLE ONLY public.core_customer
    ADD CONSTRAINT core_customer_user_id_key UNIQUE (user_id);


--
-- Name: core_order core_order_pkey; Type: CONSTRAINT; Schema: public; Owner: dbuser
--

ALTER TABLE ONLY public.core_order
    ADD CONSTRAINT core_order_pkey PRIMARY KEY (id);


--
-- Name: core_orderitem core_orderitem_pkey; Type: CONSTRAINT; Schema: public; Owner: dbuser
--

ALTER TABLE ONLY public.core_orderitem
    ADD CONSTRAINT core_orderitem_pkey PRIMARY KEY (id);


--
-- Name: core_product core_product_pkey; Type: CONSTRAINT; Schema: public; Owner: dbuser
--

ALTER TABLE ONLY public.core_product
    ADD CONSTRAINT core_product_pkey PRIMARY KEY (id);


--
-- Name: core_productimage core_productimage_pkey; Type: CONSTRAINT; Schema: public; Owner: dbuser
--

ALTER TABLE ONLY public.core_productimage
    ADD CONSTRAINT core_productimage_pkey PRIMARY KEY (id);


--
-- Name: django_admin_log django_admin_log_pkey; Type: CONSTRAINT; Schema: public; Owner: dbuser
--

ALTER TABLE ONLY public.django_admin_log
    ADD CONSTRAINT django_admin_log_pkey PRIMARY KEY (id);


--
-- Name: django_content_type django_content_type_app_label_model_76bd3d3b_uniq; Type: CONSTRAINT; Schema: public; Owner: dbuser
--

ALTER TABLE ONLY public.django_content_type
    ADD CONSTRAINT django_content_type_app_label_model_76bd3d3b_uniq UNIQUE (app_label, model);


--
-- Name: django_content_type django_content_type_pkey; Type: CONSTRAINT; Schema: public; Owner: dbuser
--

ALTER TABLE ONLY public.django_content_type
    ADD CONSTRAINT django_content_type_pkey PRIMARY KEY (id);


--
-- Name: django_migrations django_migrations_pkey; Type: CONSTRAINT; Schema: public; Owner: dbuser
--

ALTER TABLE ONLY public.django_migrations
    ADD CONSTRAINT django_migrations_pkey PRIMARY KEY (id);


--
-- Name: django_session django_session_pkey; Type: CONSTRAINT; Schema: public; Owner: dbuser
--

ALTER TABLE ONLY public.django_session
    ADD CONSTRAINT django_session_pkey PRIMARY KEY (session_key);


--
-- Name: payment_order payment_order_pkey; Type: CONSTRAINT; Schema: public; Owner: dbuser
--

ALTER TABLE ONLY public.payment_order
    ADD CONSTRAINT payment_order_pkey PRIMARY KEY (id);


--
-- Name: payment_orderitem payment_orderitem_pkey; Type: CONSTRAINT; Schema: public; Owner: dbuser
--

ALTER TABLE ONLY public.payment_orderitem
    ADD CONSTRAINT payment_orderitem_pkey PRIMARY KEY (id);


--
-- Name: payment_shippingaddress payment_shippingaddress_pkey; Type: CONSTRAINT; Schema: public; Owner: dbuser
--

ALTER TABLE ONLY public.payment_shippingaddress
    ADD CONSTRAINT payment_shippingaddress_pkey PRIMARY KEY (id);


--
-- Name: auth_group_name_a6ea08ec_like; Type: INDEX; Schema: public; Owner: dbuser
--

CREATE INDEX auth_group_name_a6ea08ec_like ON public.auth_group USING btree (name varchar_pattern_ops);


--
-- Name: auth_group_permissions_group_id_b120cbf9; Type: INDEX; Schema: public; Owner: dbuser
--

CREATE INDEX auth_group_permissions_group_id_b120cbf9 ON public.auth_group_permissions USING btree (group_id);


--
-- Name: auth_group_permissions_permission_id_84c5c92e; Type: INDEX; Schema: public; Owner: dbuser
--

CREATE INDEX auth_group_permissions_permission_id_84c5c92e ON public.auth_group_permissions USING btree (permission_id);


--
-- Name: auth_permission_content_type_id_2f476e4b; Type: INDEX; Schema: public; Owner: dbuser
--

CREATE INDEX auth_permission_content_type_id_2f476e4b ON public.auth_permission USING btree (content_type_id);


--
-- Name: auth_user_groups_group_id_97559544; Type: INDEX; Schema: public; Owner: dbuser
--

CREATE INDEX auth_user_groups_group_id_97559544 ON public.auth_user_groups USING btree (group_id);


--
-- Name: auth_user_groups_user_id_6a12ed8b; Type: INDEX; Schema: public; Owner: dbuser
--

CREATE INDEX auth_user_groups_user_id_6a12ed8b ON public.auth_user_groups USING btree (user_id);


--
-- Name: auth_user_user_permissions_permission_id_1fbb5f2c; Type: INDEX; Schema: public; Owner: dbuser
--

CREATE INDEX auth_user_user_permissions_permission_id_1fbb5f2c ON public.auth_user_user_permissions USING btree (permission_id);


--
-- Name: auth_user_user_permissions_user_id_a95ead1b; Type: INDEX; Schema: public; Owner: dbuser
--

CREATE INDEX auth_user_user_permissions_user_id_a95ead1b ON public.auth_user_user_permissions USING btree (user_id);


--
-- Name: auth_user_username_6821ab7c_like; Type: INDEX; Schema: public; Owner: dbuser
--

CREATE INDEX auth_user_username_6821ab7c_like ON public.auth_user USING btree (username varchar_pattern_ops);


--
-- Name: core_cart_customer_id_64e7556b; Type: INDEX; Schema: public; Owner: dbuser
--

CREATE INDEX core_cart_customer_id_64e7556b ON public.core_cart USING btree (customer_id);


--
-- Name: core_cartitem_cart_id_5256d769; Type: INDEX; Schema: public; Owner: dbuser
--

CREATE INDEX core_cartitem_cart_id_5256d769 ON public.core_cartitem USING btree (cart_id);


--
-- Name: core_cartitem_product_id_2640c4a2; Type: INDEX; Schema: public; Owner: dbuser
--

CREATE INDEX core_cartitem_product_id_2640c4a2 ON public.core_cartitem USING btree (product_id);


--
-- Name: core_customer_email_bfa7e28a_like; Type: INDEX; Schema: public; Owner: dbuser
--

CREATE INDEX core_customer_email_bfa7e28a_like ON public.core_customer USING btree (email varchar_pattern_ops);


--
-- Name: core_order_customer_id_9e4576b7; Type: INDEX; Schema: public; Owner: dbuser
--

CREATE INDEX core_order_customer_id_9e4576b7 ON public.core_order USING btree (customer_id);


--
-- Name: core_orderitem_order_id_30929c10; Type: INDEX; Schema: public; Owner: dbuser
--

CREATE INDEX core_orderitem_order_id_30929c10 ON public.core_orderitem USING btree (order_id);


--
-- Name: core_orderitem_product_id_0c2047cd; Type: INDEX; Schema: public; Owner: dbuser
--

CREATE INDEX core_orderitem_product_id_0c2047cd ON public.core_orderitem USING btree (product_id);


--
-- Name: core_product_category_id_b9d8ff9f; Type: INDEX; Schema: public; Owner: dbuser
--

CREATE INDEX core_product_category_id_b9d8ff9f ON public.core_product USING btree (category_id);


--
-- Name: core_productimage_product_id_10178291; Type: INDEX; Schema: public; Owner: dbuser
--

CREATE INDEX core_productimage_product_id_10178291 ON public.core_productimage USING btree (product_id);


--
-- Name: django_admin_log_content_type_id_c4bce8eb; Type: INDEX; Schema: public; Owner: dbuser
--

CREATE INDEX django_admin_log_content_type_id_c4bce8eb ON public.django_admin_log USING btree (content_type_id);


--
-- Name: django_admin_log_user_id_c564eba6; Type: INDEX; Schema: public; Owner: dbuser
--

CREATE INDEX django_admin_log_user_id_c564eba6 ON public.django_admin_log USING btree (user_id);


--
-- Name: django_session_expire_date_a5c62663; Type: INDEX; Schema: public; Owner: dbuser
--

CREATE INDEX django_session_expire_date_a5c62663 ON public.django_session USING btree (expire_date);


--
-- Name: django_session_session_key_c0390e0f_like; Type: INDEX; Schema: public; Owner: dbuser
--

CREATE INDEX django_session_session_key_c0390e0f_like ON public.django_session USING btree (session_key varchar_pattern_ops);


--
-- Name: payment_order_customer_id_b95f2fa6; Type: INDEX; Schema: public; Owner: dbuser
--

CREATE INDEX payment_order_customer_id_b95f2fa6 ON public.payment_order USING btree (customer_id);


--
-- Name: payment_orderitem_order_id_32d59828; Type: INDEX; Schema: public; Owner: dbuser
--

CREATE INDEX payment_orderitem_order_id_32d59828 ON public.payment_orderitem USING btree (order_id);


--
-- Name: payment_orderitem_product_id_6a98ebcd; Type: INDEX; Schema: public; Owner: dbuser
--

CREATE INDEX payment_orderitem_product_id_6a98ebcd ON public.payment_orderitem USING btree (product_id);


--
-- Name: payment_shippingaddress_Customer_id_d65cc1fb; Type: INDEX; Schema: public; Owner: dbuser
--

CREATE INDEX "payment_shippingaddress_Customer_id_d65cc1fb" ON public.payment_shippingaddress USING btree (customer_id);


--
-- Name: auth_group_permissions auth_group_permissio_permission_id_84c5c92e_fk_auth_perm; Type: FK CONSTRAINT; Schema: public; Owner: dbuser
--

ALTER TABLE ONLY public.auth_group_permissions
    ADD CONSTRAINT auth_group_permissio_permission_id_84c5c92e_fk_auth_perm FOREIGN KEY (permission_id) REFERENCES public.auth_permission(id) DEFERRABLE INITIALLY DEFERRED;


--
-- Name: auth_group_permissions auth_group_permissions_group_id_b120cbf9_fk_auth_group_id; Type: FK CONSTRAINT; Schema: public; Owner: dbuser
--

ALTER TABLE ONLY public.auth_group_permissions
    ADD CONSTRAINT auth_group_permissions_group_id_b120cbf9_fk_auth_group_id FOREIGN KEY (group_id) REFERENCES public.auth_group(id) DEFERRABLE INITIALLY DEFERRED;


--
-- Name: auth_permission auth_permission_content_type_id_2f476e4b_fk_django_co; Type: FK CONSTRAINT; Schema: public; Owner: dbuser
--

ALTER TABLE ONLY public.auth_permission
    ADD CONSTRAINT auth_permission_content_type_id_2f476e4b_fk_django_co FOREIGN KEY (content_type_id) REFERENCES public.django_content_type(id) DEFERRABLE INITIALLY DEFERRED;


--
-- Name: auth_user_groups auth_user_groups_group_id_97559544_fk_auth_group_id; Type: FK CONSTRAINT; Schema: public; Owner: dbuser
--

ALTER TABLE ONLY public.auth_user_groups
    ADD CONSTRAINT auth_user_groups_group_id_97559544_fk_auth_group_id FOREIGN KEY (group_id) REFERENCES public.auth_group(id) DEFERRABLE INITIALLY DEFERRED;


--
-- Name: auth_user_groups auth_user_groups_user_id_6a12ed8b_fk_auth_user_id; Type: FK CONSTRAINT; Schema: public; Owner: dbuser
--

ALTER TABLE ONLY public.auth_user_groups
    ADD CONSTRAINT auth_user_groups_user_id_6a12ed8b_fk_auth_user_id FOREIGN KEY (user_id) REFERENCES public.auth_user(id) DEFERRABLE INITIALLY DEFERRED;


--
-- Name: auth_user_user_permissions auth_user_user_permi_permission_id_1fbb5f2c_fk_auth_perm; Type: FK CONSTRAINT; Schema: public; Owner: dbuser
--

ALTER TABLE ONLY public.auth_user_user_permissions
    ADD CONSTRAINT auth_user_user_permi_permission_id_1fbb5f2c_fk_auth_perm FOREIGN KEY (permission_id) REFERENCES public.auth_permission(id) DEFERRABLE INITIALLY DEFERRED;


--
-- Name: auth_user_user_permissions auth_user_user_permissions_user_id_a95ead1b_fk_auth_user_id; Type: FK CONSTRAINT; Schema: public; Owner: dbuser
--

ALTER TABLE ONLY public.auth_user_user_permissions
    ADD CONSTRAINT auth_user_user_permissions_user_id_a95ead1b_fk_auth_user_id FOREIGN KEY (user_id) REFERENCES public.auth_user(id) DEFERRABLE INITIALLY DEFERRED;


--
-- Name: core_cart core_cart_customer_id_64e7556b_fk_core_customer_id; Type: FK CONSTRAINT; Schema: public; Owner: dbuser
--

ALTER TABLE ONLY public.core_cart
    ADD CONSTRAINT core_cart_customer_id_64e7556b_fk_core_customer_id FOREIGN KEY (customer_id) REFERENCES public.core_customer(id) DEFERRABLE INITIALLY DEFERRED;


--
-- Name: core_cartitem core_cartitem_cart_id_5256d769_fk_core_cart_id; Type: FK CONSTRAINT; Schema: public; Owner: dbuser
--

ALTER TABLE ONLY public.core_cartitem
    ADD CONSTRAINT core_cartitem_cart_id_5256d769_fk_core_cart_id FOREIGN KEY (cart_id) REFERENCES public.core_cart(id) DEFERRABLE INITIALLY DEFERRED;


--
-- Name: core_cartitem core_cartitem_product_id_2640c4a2_fk_core_product_id; Type: FK CONSTRAINT; Schema: public; Owner: dbuser
--

ALTER TABLE ONLY public.core_cartitem
    ADD CONSTRAINT core_cartitem_product_id_2640c4a2_fk_core_product_id FOREIGN KEY (product_id) REFERENCES public.core_product(id) DEFERRABLE INITIALLY DEFERRED;


--
-- Name: core_customer core_customer_user_id_76763a70_fk_auth_user_id; Type: FK CONSTRAINT; Schema: public; Owner: dbuser
--

ALTER TABLE ONLY public.core_customer
    ADD CONSTRAINT core_customer_user_id_76763a70_fk_auth_user_id FOREIGN KEY (user_id) REFERENCES public.auth_user(id) DEFERRABLE INITIALLY DEFERRED;


--
-- Name: core_order core_order_customer_id_9e4576b7_fk_core_customer_id; Type: FK CONSTRAINT; Schema: public; Owner: dbuser
--

ALTER TABLE ONLY public.core_order
    ADD CONSTRAINT core_order_customer_id_9e4576b7_fk_core_customer_id FOREIGN KEY (customer_id) REFERENCES public.core_customer(id) DEFERRABLE INITIALLY DEFERRED;


--
-- Name: core_orderitem core_orderitem_order_id_30929c10_fk_core_order_id; Type: FK CONSTRAINT; Schema: public; Owner: dbuser
--

ALTER TABLE ONLY public.core_orderitem
    ADD CONSTRAINT core_orderitem_order_id_30929c10_fk_core_order_id FOREIGN KEY (order_id) REFERENCES public.core_order(id) DEFERRABLE INITIALLY DEFERRED;


--
-- Name: core_orderitem core_orderitem_product_id_0c2047cd_fk_core_product_id; Type: FK CONSTRAINT; Schema: public; Owner: dbuser
--

ALTER TABLE ONLY public.core_orderitem
    ADD CONSTRAINT core_orderitem_product_id_0c2047cd_fk_core_product_id FOREIGN KEY (product_id) REFERENCES public.core_product(id) DEFERRABLE INITIALLY DEFERRED;


--
-- Name: core_product core_product_category_id_b9d8ff9f_fk_core_category_id; Type: FK CONSTRAINT; Schema: public; Owner: dbuser
--

ALTER TABLE ONLY public.core_product
    ADD CONSTRAINT core_product_category_id_b9d8ff9f_fk_core_category_id FOREIGN KEY (category_id) REFERENCES public.core_category(id) DEFERRABLE INITIALLY DEFERRED;


--
-- Name: core_productimage core_productimage_product_id_10178291_fk_core_product_id; Type: FK CONSTRAINT; Schema: public; Owner: dbuser
--

ALTER TABLE ONLY public.core_productimage
    ADD CONSTRAINT core_productimage_product_id_10178291_fk_core_product_id FOREIGN KEY (product_id) REFERENCES public.core_product(id) DEFERRABLE INITIALLY DEFERRED;


--
-- Name: django_admin_log django_admin_log_content_type_id_c4bce8eb_fk_django_co; Type: FK CONSTRAINT; Schema: public; Owner: dbuser
--

ALTER TABLE ONLY public.django_admin_log
    ADD CONSTRAINT django_admin_log_content_type_id_c4bce8eb_fk_django_co FOREIGN KEY (content_type_id) REFERENCES public.django_content_type(id) DEFERRABLE INITIALLY DEFERRED;


--
-- Name: django_admin_log django_admin_log_user_id_c564eba6_fk_auth_user_id; Type: FK CONSTRAINT; Schema: public; Owner: dbuser
--

ALTER TABLE ONLY public.django_admin_log
    ADD CONSTRAINT django_admin_log_user_id_c564eba6_fk_auth_user_id FOREIGN KEY (user_id) REFERENCES public.auth_user(id) DEFERRABLE INITIALLY DEFERRED;


--
-- Name: payment_order payment_order_customer_id_b95f2fa6_fk_core_customer_id; Type: FK CONSTRAINT; Schema: public; Owner: dbuser
--

ALTER TABLE ONLY public.payment_order
    ADD CONSTRAINT payment_order_customer_id_b95f2fa6_fk_core_customer_id FOREIGN KEY (customer_id) REFERENCES public.core_customer(id) DEFERRABLE INITIALLY DEFERRED;


--
-- Name: payment_orderitem payment_orderitem_order_id_32d59828_fk_payment_order_id; Type: FK CONSTRAINT; Schema: public; Owner: dbuser
--

ALTER TABLE ONLY public.payment_orderitem
    ADD CONSTRAINT payment_orderitem_order_id_32d59828_fk_payment_order_id FOREIGN KEY (order_id) REFERENCES public.payment_order(id) DEFERRABLE INITIALLY DEFERRED;


--
-- Name: payment_orderitem payment_orderitem_product_id_6a98ebcd_fk_core_product_id; Type: FK CONSTRAINT; Schema: public; Owner: dbuser
--

ALTER TABLE ONLY public.payment_orderitem
    ADD CONSTRAINT payment_orderitem_product_id_6a98ebcd_fk_core_product_id FOREIGN KEY (product_id) REFERENCES public.core_product(id) DEFERRABLE INITIALLY DEFERRED;


--
-- Name: payment_shippingaddress payment_shippingaddr_customer_id_dfbbd45d_fk_core_cust; Type: FK CONSTRAINT; Schema: public; Owner: dbuser
--

ALTER TABLE ONLY public.payment_shippingaddress
    ADD CONSTRAINT payment_shippingaddr_customer_id_dfbbd45d_fk_core_cust FOREIGN KEY (customer_id) REFERENCES public.core_customer(id) DEFERRABLE INITIALLY DEFERRED;


--
-- PostgreSQL database dump complete
--

